pinky,ring,middle,index,thumb,gesture
1222,1376,1373,1169,1468,"default"
1223,1353,1386,1158,1463,"default"
1221,1359,1386,1166,1472,"default"
1230,1353,1381,1162,1472,"default"
1216,1345,1392,1166,1466,"default"
1219,1351,1385,1165,1483,"default"
1230,1358,1383,1167,1473,"default"
1194,1354,1391,1168,1471,"default"
1222,1371,1388,1170,1501,"default"
1300,1571,1560,1223,1463,"default"
1442,1745,1677,1329,1622,"default"
1515,1820,1737,1436,1641,"default"
1549,1858,1769,1477,1644,"default"
1573,1895,1807,1584,1578,"default"
1579,1953,1837,1588,1535,"default"
1611,1936,1841,1600,1564,"default"
1616,1949,1838,1607,1552,"default"
1616,1968,1844,1617,1503,"default"
1604,1980,1859,1635,1462,"default"
1618,1971,1869,1639,1463,"default"
1622,1970,1852,1643,1466,"default"
1626,1981,1862,1642,1487,"default"
1629,1973,1872,1641,1499,"default"
1617,1974,1873,1630,1517,"default"
1619,1972,1867,1641,1502,"default"
1594,1959,1858,1632,1504,"default"
1519,1919,1828,1616,1535,"default"
1343,1758,1712,1519,1610,"default"
1207,1390,1402,1259,1554,"default"
1183,1355,1394,1184,1507,"default"
1209,1381,1399,1203,1520,"default"
1223,1396,1408,1206,1519,"default"
1205,1337,1367,1213,1515,"default"
1157,1241,1291,1155,1495,"default"
1122,1191,1255,1095,1488,"default"
1113,1169,1226,1062,1471,"default"
1111,1170,1229,1022,1463,"default"
1119,1174,1233,1037,1463,"default"
1122,1188,1242,1023,1462,"default"
1116,1189,1286,1031,1463,"default"
1127,1196,1261,1033,1456,"default"
1124,1195,1255,1022,1461,"default"
1132,1203,1266,1039,1458,"default"
1120,1217,1272,1040,1457,"default"
1143,1217,1279,1053,1455,"default"
1136,1215,1280,1053,1434,"default"
1167,1231,1264,1049,1452,"default"
1180,1238,1295,1052,1447,"default"
1180,1264,1309,1071,1405,"default"
1223,1314,1347,1125,1397,"default"
1269,1424,1392,1164,1497,"default"
1283,1445,1451,1184,1507,"default"
1287,1444,1442,1181,1504,"default"
1291,1437,1449,1189,1514,"default"
1264,1360,1411,1147,1451,"default"
1167,1214,1308,1056,1468,"default"
1125,1186,1271,1005,1465,"default"
1120,1171,1275,996,1430,"default"
1104,1168,1271,997,1429,"default"
1113,1168,1271,1002,1436,"default"
1122,1169,1271,997,1433,"default"
1091,1179,1280,1001,1435,"default"
1121,1175,1280,1017,1427,"default"
1130,1184,1283,1015,1428,"default"
1121,1184,1282,1007,1436,"default"
1154,1173,1287,1006,1442,"default"
1136,1187,1293,1008,1447,"default"
1139,1193,1279,1010,1446,"default"
1143,1200,1317,1015,1450,"default"
1151,1210,1306,1017,1457,"default"
1185,1246,1328,1055,1483,"default"
1205,1290,1362,1083,1499,"default"
1219,1339,1371,1094,1510,"default"
1221,1311,1365,1099,1502,"default"
1232,1323,1381,1113,1503,"default"
1264,1371,1392,1158,1473,"default"
1310,1502,1516,1215,1471,"default"
1333,1620,1596,1282,1475,"default"
1375,1680,1667,1322,1488,"default"
1379,1723,1697,1379,1478,"default"
1395,1771,1739,1454,1542,"default"
1430,1818,1771,1511,1605,"default"
1456,1851,1811,1555,1631,"default"
1479,1860,1822,1581,1639,"default"
1522,1888,1833,1575,1649,"default"
1578,1915,1832,1598,1638,"default"
1582,1911,1840,1600,1641,"default"
1579,1929,1839,1596,1645,"default"
1595,1920,1825,1599,1621,"default"
1606,1930,1823,1596,1629,"default"
1616,1936,1818,1584,1623,"default"
1607,1923,1810,1611,1623,"default"
1611,1929,1823,1584,1639,"default"
1621,1938,1824,1584,1601,"default"
1635,1945,1841,1581,1594,"default"
1639,1957,1830,1587,1574,"default"
1625,1957,1842,1603,1552,"default"
1627,1982,1845,1643,1520,"default"
1629,1968,1845,1683,1461,"default"
1625,1970,1823,1681,1463,"default"
1621,1979,1855,1680,1483,"default"
1628,2006,1862,1680,1498,"default"
1618,1968,1859,1676,1504,"default"
1591,1959,1863,1665,1573,"default"
1477,1922,1828,1563,1598,"default"
1454,1909,1799,1494,1589,"default"
1453,1863,1749,1467,1557,"default"
1424,1776,1664,1416,1415,"default"
1390,1686,1598,1382,1465,"default"
1362,1611,1562,1360,1451,"default"
1327,1433,1443,1310,1389,"default"
1296,1397,1424,1255,1488,"default"
1271,1360,1408,1191,1476,"default"
1263,1369,1402,1200,1471,"default"
1244,1339,1369,1138,1465,"default"
1221,1291,1328,1133,1456,"default"
1219,1277,1306,1122,1457,"default"
1223,1264,1328,1135,1461,"default"
1215,1262,1309,1122,1457,"default"
1188,1253,1303,1120,1458,"default"
1189,1239,1296,1072,1457,"default"
1156,1200,1269,1039,1473,"default"
1113,1170,1242,1007,1456,"default"
1101,1150,1237,1007,1447,"default"
1098,1142,1232,989,1456,"default"
1093,1136,1230,977,1444,"default"
1050,1142,1232,976,1455,"default"
1059,1143,1233,977,1451,"default"
1102,1150,1241,976,1454,"default"
1104,1145,1232,981,1454,"default"
1088,1164,1232,979,1450,"default"
1107,1147,1246,1006,1456,"default"
1107,1152,1246,993,1455,"default"
1114,1154,1249,989,1457,"default"
1131,1157,1253,995,1456,"default"
1111,1151,1254,1003,1461,"default"
1108,1159,1250,1004,1437,"default"
1118,1167,1261,1007,1456,"default"
1176,1168,1262,1031,1458,"default"
1124,1169,1283,1008,1457,"default"
1125,1185,1263,1010,1458,"default"
1157,1173,1264,1008,1456,"default"
1122,1168,1264,1009,1461,"default"
1136,1179,1277,1013,1456,"default"
1116,1167,1270,1013,1461,"default"
1131,1182,1265,1010,1459,"default"
1142,1197,1296,1039,1483,"default"
1179,1227,1307,1063,1518,"default"
1252,1261,1359,1103,1563,"default"
1276,1549,1519,1221,1594,"default"
1427,1726,1637,1347,1623,"default"
1453,1767,1695,1414,1639,"default"
1454,1784,1712,1434,1639,"default"
1489,1819,1750,1494,1648,"default"
1507,1840,1775,1527,1630,"default"
1511,1799,1783,1547,1590,"default"
1525,1828,1776,1552,1600,"default"
1479,1815,1761,1524,1611,"default"
1387,1745,1712,1473,1613,"default"
1219,1434,1466,1232,1525,"default"
1181,1270,1367,1151,1501,"default"
1107,1175,1274,1040,1466,"default"
1102,1163,1264,1008,1459,"default"
1101,1154,1259,989,1463,"default"
1104,1152,1251,995,1456,"default"
1087,1139,1237,980,1454,"default"
1105,1140,1246,983,1456,"default"
1088,1153,1237,987,1470,"default"
1088,1150,1250,981,1460,"default"
1095,1168,1254,977,1461,"default"
1058,1151,1250,983,1462,"default"
1093,1165,1260,996,1457,"default"
1099,1167,1265,990,1471,"default"
1123,1167,1273,1014,1487,"default"
1146,1209,1302,1052,1484,"default"
1170,1243,1335,1078,1499,"default"
1175,1243,1327,1078,1491,"default"
1168,1235,1328,1080,1503,"default"
1180,1251,1330,1085,1503,"default"
1184,1254,1362,1085,1502,"default"
1186,1233,1328,1079,1500,"default"
1179,1261,1334,1081,1490,"default"
1200,1257,1341,1053,1491,"default"
1201,1274,1341,1088,1506,"default"
1214,1329,1399,1123,1517,"default"
1254,1360,1424,1126,1517,"default"
1271,1383,1434,1153,1519,"default"
1291,1417,1455,1170,1486,"default"
1306,1453,1473,1200,1533,"default"
1344,1521,1520,1281,1456,"default"
1362,1582,1547,1327,1427,"default"
1383,1611,1567,1346,1575,"default"
1459,1655,1609,1392,1580,"default"
1392,1648,1584,1389,1578,"default"
1363,1583,1593,1359,1583,"default"
1311,1547,1566,1328,1572,"default"
1265,1393,1453,1251,1561,"default"
1152,1229,1311,1077,1497,"default"
1095,1185,1285,1030,1472,"default"
1122,1156,1272,1008,1462,"default"
1107,1168,1258,1005,1472,"default"
1108,1165,1289,1008,1470,"default"
1104,1166,1266,1008,1462,"default"
1111,1163,1271,1004,1463,"default"
1107,1174,1262,1003,1467,"default"
1111,1170,1279,1009,1466,"default"
1125,1175,1277,1009,1468,"default"
1111,1168,1278,1009,1469,"default"
1119,1184,1279,1014,1472,"default"
1123,1174,1283,1036,1488,"default"
1075,1206,1300,1036,1487,"default"
1155,1210,1311,1050,1495,"default"
1151,1218,1309,1058,1501,"default"
1143,1249,1323,1071,1493,"default"
1175,1234,1325,1083,1478,"default"
1181,1241,1328,1083,1491,"default"
1163,1237,1330,1093,1473,"default"
1178,1245,1329,1094,1506,"default"
1182,1260,1340,1083,1495,"default"
1186,1248,1337,1090,1497,"default"
1197,1251,1340,1082,1495,"default"
1189,1263,1345,1103,1502,"default"
1191,1251,1344,1097,1513,"default"
1197,1254,1345,1100,1515,"default"
1217,1260,1358,1106,1520,"default"
1199,1262,1361,1111,1521,"default"
1207,1271,1353,1130,1525,"default"
1175,1259,1360,1123,1534,"default"
1207,1279,1359,1136,1525,"default"
1206,1277,1359,1125,1527,"default"
1210,1274,1359,1131,1518,"default"
1211,1254,1363,1137,1506,"default"
1201,1280,1348,1136,1521,"default"
1210,1276,1339,1122,1517,"default"
1207,1267,1360,1136,1508,"default"
1193,1274,1360,1126,1515,"default"
1214,1287,1351,1134,1516,"default"
1209,1281,1361,1131,1517,"default"
1232,1284,1369,1135,1518,"default"
1209,1280,1363,1134,1514,"default"
1211,1280,1372,1136,1518,"default"
1211,1285,1364,1137,1519,"default"
1220,1289,1369,1133,1520,"default"
1217,1303,1375,1191,1511,"default"
1232,1296,1377,1152,1526,"default"
1215,1340,1379,1167,1526,"default"
1245,1325,1390,1175,1550,"default"
1261,1354,1406,1200,1533,"default"
1266,1369,1427,1214,1534,"default"
1269,1362,1433,1211,1535,"default"
1264,1367,1430,1213,1549,"default"
1269,1360,1419,1211,1545,"default"
1259,1347,1428,1209,1547,"default"
1277,1369,1426,1212,1549,"default"
1274,1373,1417,1215,1549,"default"
1266,1358,1429,1207,1526,"default"
1265,1362,1425,1196,1504,"default"
1264,1354,1421,1200,1503,"default"
1265,1359,1425,1196,1511,"default"
1251,1360,1426,1185,1517,"default"
1219,1317,1399,1136,1520,"default"
1194,1282,1381,1114,1535,"default"
1167,1277,1360,1094,1504,"default"
1175,1236,1360,1082,1499,"default"
1173,1259,1363,1079,1498,"default"
1168,1254,1348,1067,1499,"default"
1157,1238,1338,1054,1494,"default"
1155,1255,1328,1054,1498,"default"
1151,1222,1329,1049,1487,"default"
1151,1223,1329,1049,1490,"default"
1186,1232,1334,1055,1488,"default"
1158,1231,1335,1074,1506,"default"
1164,1237,1339,1053,1488,"default"
1173,1246,1342,1057,1489,"default"
1139,1238,1358,1064,1488,"default"
1191,1266,1361,1079,1510,"default"
1218,1296,1375,1102,1530,"default"
1264,1383,1413,1139,1563,"default"
1297,1408,1447,1178,1577,"default"
1351,1529,1552,1232,1574,"default"
1397,1646,1616,1328,1584,"default"
1430,1714,1680,1375,1518,"default"
1445,1754,1702,1427,1594,"default"
1449,1761,1712,1476,1589,"default"
1456,1773,1726,1510,1600,"default"
1453,1777,1739,1528,1598,"default"
1456,1786,1745,1517,1585,"default"
1469,1791,1744,1519,1602,"default"
1457,1802,1747,1527,1605,"default"
1445,1802,1744,1525,1600,"default"
1473,1801,1745,1529,1616,"default"
1470,1794,1744,1527,1614,"default"
1340,1557,1554,1338,1582,"default"
1205,1278,1386,1109,1535,"default"
1201,1277,1344,1104,1520,"default"
1182,1229,1329,1089,1508,"default"
1137,1207,1298,1043,1494,"default"
1115,1187,1286,1011,1488,"default"
1111,1178,1279,1007,1476,"default"
1114,1183,1280,1006,1487,"default"
593,702,631,407,848,"fist"
613,663,632,411,849,"fist"
583,654,640,416,821,"fist"
573,655,640,418,803,"fist"
580,651,643,401,790,"fist"
560,651,647,407,778,"fist"
574,650,648,402,770,"fist"
600,656,656,417,769,"fist"
583,647,651,405,776,"fist"
571,653,656,410,774,"fist"
583,658,651,401,775,"fist"
585,649,655,418,778,"fist"
578,650,656,416,778,"fist"
582,658,658,407,783,"fist"
574,656,658,410,790,"fist"
589,662,657,410,809,"fist"
591,656,653,413,810,"fist"
592,667,656,416,814,"fist"
595,659,655,414,821,"fist"
611,659,631,410,912,"fist"
630,667,632,411,1072,"fist"
635,647,656,400,1264,"fist"
625,657,642,398,1155,"fist"
597,624,583,373,946,"fist"
595,627,576,395,864,"fist"
589,639,611,402,832,"fist"
592,635,621,400,823,"fist"
592,643,624,417,829,"fist"
603,647,641,411,821,"fist"
577,655,638,411,820,"fist"
593,654,644,418,832,"fist"
592,651,629,416,837,"fist"
592,653,647,405,834,"fist"
605,656,645,412,841,"fist"
597,653,642,417,832,"fist"
594,651,640,417,837,"fist"
598,656,605,416,844,"fist"
620,654,650,426,849,"fist"
605,651,627,412,898,"fist"
624,662,619,413,988,"fist"
647,674,596,402,1009,"fist"
580,686,598,394,1013,"fist"
624,685,601,414,987,"fist"
625,684,624,404,988,"fist"
630,685,603,411,988,"fist"
626,687,603,394,971,"fist"
622,674,606,407,940,"fist"
595,671,618,409,855,"fist"
599,659,634,416,816,"fist"
592,656,650,417,827,"fist"
590,654,657,426,814,"fist"
592,656,671,429,817,"fist"
589,658,684,423,819,"fist"
594,663,677,432,836,"fist"
589,659,686,431,832,"fist"
578,662,688,432,831,"fist"
601,671,694,432,847,"fist"
589,665,694,423,844,"fist"
586,667,696,433,848,"fist"
598,651,656,432,874,"fist"
596,658,624,427,915,"fist"
621,677,610,419,971,"fist"
619,686,614,413,1003,"fist"
627,683,611,417,999,"fist"
623,687,614,422,999,"fist"
617,688,631,419,936,"fist"
581,667,639,425,838,"fist"
595,657,669,426,810,"fist"
587,676,694,414,814,"fist"
576,670,731,438,819,"fist"
609,675,712,438,817,"fist"
589,689,715,437,819,"fist"
593,685,706,440,839,"fist"
583,666,690,432,843,"fist"
586,655,656,423,880,"fist"
610,681,619,414,943,"fist"
630,690,609,423,1017,"fist"
652,709,613,420,1066,"fist"
623,745,622,402,1089,"fist"
663,706,624,423,1041,"fist"
656,721,612,429,1055,"fist"
640,703,627,419,983,"fist"
630,696,623,416,903,"fist"
605,673,635,432,861,"fist"
592,667,656,432,817,"fist"
592,720,682,432,810,"fist"
588,723,697,422,809,"fist"
593,682,709,438,816,"fist"
593,677,706,432,823,"fist"
589,671,704,433,828,"fist"
601,667,660,438,849,"fist"
619,686,617,426,914,"fist"
638,701,608,423,971,"fist"
641,685,613,419,1008,"fist"
642,709,617,402,1030,"fist"
647,713,618,432,1019,"fist"
634,711,624,427,942,"fist"
605,673,649,433,826,"fist"
589,659,675,432,816,"fist"
592,671,720,437,816,"fist"
580,675,714,425,818,"fist"
590,676,720,445,830,"fist"
598,674,727,446,839,"fist"
614,668,642,439,907,"fist"
639,677,617,436,985,"fist"
643,719,633,442,1018,"fist"
651,714,618,432,1040,"fist"
656,717,638,433,1042,"fist"
662,688,637,449,1017,"fist"
639,707,634,428,896,"fist"
592,675,663,437,797,"fist"
593,675,697,447,786,"fist"
606,663,711,445,800,"fist"
611,691,716,448,813,"fist"
614,689,734,449,819,"fist"
614,693,721,448,827,"fist"
619,672,689,446,858,"fist"
639,698,624,440,895,"fist"
651,704,615,437,976,"fist"
657,693,610,432,986,"fist"
653,720,621,415,1006,"fist"
656,713,623,433,992,"fist"
650,720,637,441,912,"fist"
624,667,657,435,834,"fist"
609,684,688,434,805,"fist"
610,681,702,451,819,"fist"
593,685,713,450,826,"fist"
601,699,710,463,836,"fist"
611,679,693,463,874,"fist"
624,692,627,451,885,"fist"
641,657,628,448,962,"fist"
639,714,607,421,998,"fist"
674,723,624,439,1005,"fist"
673,727,637,448,1029,"fist"
675,721,638,445,1018,"fist"
658,720,635,453,953,"fist"
613,686,640,457,869,"fist"
597,691,700,459,848,"fist"
607,691,723,459,848,"fist"
606,683,723,448,863,"fist"
618,699,711,462,873,"fist"
621,697,688,459,883,"fist"
583,673,699,451,896,"fist"
611,691,657,447,922,"fist"
650,706,623,431,976,"fist"
657,708,615,451,1015,"fist"
661,726,629,459,1030,"fist"
634,717,621,448,1031,"fist"
674,727,633,448,1037,"fist"
660,720,624,454,1008,"fist"
621,678,629,448,915,"fist"
625,697,654,453,830,"fist"
614,659,669,443,798,"fist"
612,687,688,447,785,"fist"
615,689,694,444,787,"fist"
611,688,705,442,787,"fist"
605,698,700,443,799,"fist"
652,695,710,449,812,"fist"
625,709,714,454,798,"fist"
611,711,711,449,816,"fist"
615,704,734,452,821,"fist"
611,720,715,450,823,"fist"
615,707,717,452,822,"fist"
620,707,721,452,827,"fist"
622,719,717,448,830,"fist"
645,743,717,456,832,"fist"
627,698,712,458,848,"fist"
624,688,678,451,869,"fist"
638,693,645,441,908,"fist"
647,714,624,438,930,"fist"
651,710,642,446,923,"fist"
647,718,624,432,941,"fist"
627,718,634,432,960,"fist"
672,674,637,443,941,"fist"
653,720,625,437,912,"fist"
646,693,647,439,832,"fist"
645,704,676,444,816,"fist"
592,690,699,451,819,"fist"
634,695,690,462,816,"fist"
629,698,714,448,820,"fist"
655,699,714,455,823,"fist"
637,704,720,437,842,"fist"
635,689,667,449,862,"fist"
647,703,617,438,909,"fist"
688,691,612,427,953,"fist"
659,720,611,443,976,"fist"
670,724,622,438,983,"fist"
661,721,622,444,976,"fist"
637,725,621,450,944,"fist"
642,705,625,448,885,"fist"
629,696,639,441,843,"fist"
626,705,687,448,830,"fist"
619,704,706,447,827,"fist"
628,706,705,451,817,"fist"
624,715,721,452,827,"fist"
611,707,722,455,835,"fist"
692,701,720,442,848,"fist"
640,688,666,457,873,"fist"
639,700,630,443,898,"fist"
614,707,619,442,909,"fist"
646,713,621,442,909,"fist"
645,715,624,448,912,"fist"
645,711,624,439,913,"fist"
645,718,622,436,902,"fist"
637,704,643,441,830,"fist"
624,689,677,443,794,"fist"
631,731,704,419,799,"fist"
629,706,714,470,801,"fist"
624,705,722,437,802,"fist"
611,705,715,455,811,"fist"
620,707,720,459,811,"fist"
646,691,715,458,813,"fist"
617,682,682,465,830,"fist"
621,693,649,448,867,"fist"
656,726,624,437,931,"fist"
636,707,620,455,955,"fist"
651,710,631,442,949,"fist"
652,709,623,445,944,"fist"
667,719,629,486,932,"fist"
631,693,651,451,859,"fist"
618,688,652,454,832,"fist"
624,702,699,470,832,"fist"
602,705,703,448,841,"fist"
640,720,722,456,818,"fist"
627,707,723,464,843,"fist"
625,678,720,451,862,"fist"
672,687,689,432,873,"fist"
638,704,685,446,914,"fist"
645,688,624,439,944,"fist"
657,704,617,451,996,"fist"
675,717,626,447,1008,"fist"
675,720,607,445,1005,"fist"
674,723,617,457,976,"fist"
653,753,640,437,942,"fist"
635,703,640,423,879,"fist"
637,688,656,447,835,"fist"
613,695,698,455,832,"fist"
624,677,704,448,819,"fist"
616,703,722,461,820,"fist"
614,704,725,464,835,"fist"
621,752,725,454,844,"fist"
646,688,719,474,854,"fist"
621,688,719,453,874,"fist"
623,694,636,453,894,"fist"
639,704,628,459,895,"fist"
642,699,626,446,896,"fist"
639,715,623,448,899,"fist"
640,711,640,450,901,"fist"
659,718,653,462,881,"fist"
657,699,688,455,880,"fist"
625,701,688,463,845,"fist"
630,694,724,458,837,"fist"
655,711,721,452,848,"fist"
630,701,720,464,853,"fist"
641,690,674,459,880,"fist"
639,699,629,450,903,"fist"
646,703,625,454,911,"fist"
642,708,622,448,922,"fist"
656,712,628,448,928,"fist"
654,715,624,458,935,"fist"
655,688,624,451,922,"fist"
652,720,642,458,887,"fist"
641,704,674,455,843,"fist"
624,711,707,455,826,"fist"
632,720,720,464,831,"fist"
636,718,730,464,843,"fist"
624,720,730,462,845,"fist"
630,716,725,464,848,"fist"
624,724,730,458,845,"fist"
656,719,722,464,878,"fist"
640,688,661,480,883,"fist"
657,685,631,431,904,"fist"
651,726,626,455,933,"fist"
656,715,637,448,934,"fist"
656,700,630,452,931,"fist"
659,720,631,450,927,"fist"
643,717,658,451,883,"fist"
629,694,683,459,848,"fist"
624,699,714,464,827,"fist"
594,719,720,461,849,"fist"
621,709,737,465,847,"fist"
629,704,710,466,858,"fist"
640,667,690,464,861,"fist"
646,693,614,453,938,"fist"
662,713,613,447,999,"fist"
663,735,631,459,1046,"fist"
686,736,626,455,1058,"fist"
686,730,626,458,1040,"fist"
688,734,625,459,1040,"fist"
686,754,628,464,1055,"fist"
686,743,627,452,1050,"fist"
688,737,639,463,1040,"fist"
688,737,643,459,1046,"fist"
685,739,634,442,1039,"fist"
688,719,626,458,1031,"fist"
659,743,640,459,1037,"fist"
683,740,630,452,1043,"fist"
685,759,629,455,1040,"fist"
685,746,630,448,1041,"fist"
694,743,635,457,1038,"fist"
569,524,1370,1167,1040,"peace"
582,550,1420,1155,1043,"peace"
600,579,1456,1104,1079,"peace"
602,597,1471,1101,1104,"peace"
581,585,1469,1095,1106,"peace"
609,601,1461,1104,1109,"peace"
614,595,1449,1086,1109,"peace"
611,629,1450,1075,1115,"peace"
599,598,1441,1072,1086,"peace"
563,576,1393,1090,1033,"peace"
556,560,1325,1149,1019,"peace"
587,550,1330,1169,993,"peace"
560,561,1347,1175,1005,"peace"
573,549,1384,1177,1030,"peace"
584,566,1425,1151,1040,"peace"
602,592,1470,1117,1083,"peace"
618,597,1467,1108,1129,"peace"
603,604,1467,1099,1120,"peace"
603,610,1439,1147,1115,"peace"
588,605,1466,1151,1115,"peace"
610,610,1403,1152,1091,"peace"
594,592,1280,1202,1046,"peace"
524,560,1274,1210,953,"peace"
578,560,1266,1218,959,"peace"
576,560,1294,1219,990,"peace"
578,577,1326,1237,1014,"peace"
583,594,1358,1255,1037,"peace"
615,607,1360,1279,1050,"peace"
624,614,1328,1232,1051,"peace"
619,607,1280,1227,1038,"peace"
624,605,1267,1250,1045,"peace"
606,593,1273,1262,1031,"peace"
594,576,1241,1211,1014,"peace"
573,585,1264,1189,1013,"peace"
607,589,1267,1193,1030,"peace"
614,604,1296,1231,1034,"peace"
608,602,1326,1263,1049,"peace"
608,603,1374,1296,1053,"peace"
624,615,1434,1231,1083,"peace"
625,620,1493,1152,1077,"peace"
624,619,1494,1088,1102,"peace"
631,616,1306,989,1102,"peace"
629,623,1270,949,1120,"peace"
631,625,1302,991,1104,"peace"
612,625,1318,1008,1117,"peace"
650,620,1392,1036,1097,"peace"
627,623,1415,1067,1089,"peace"
630,623,1419,1050,1094,"peace"
634,624,1413,1072,1090,"peace"
633,624,1360,1200,1080,"peace"
623,624,1296,1299,1065,"peace"
618,613,1282,1275,1009,"peace"
613,599,1253,1249,991,"peace"
592,577,1261,1231,976,"peace"
590,577,1283,1236,991,"peace"
640,553,1279,1239,995,"peace"
583,557,1299,1250,1002,"peace"
590,562,1314,1243,1013,"peace"
605,575,1376,1290,1053,"peace"
667,592,1424,1296,1105,"peace"
627,606,1447,1271,1133,"peace"
642,610,1434,1227,1155,"peace"
642,606,1423,1218,1151,"peace"
628,589,1413,1205,1090,"peace"
551,561,1360,1168,1035,"peace"
579,560,1335,1152,985,"peace"
546,523,1361,1154,956,"peace"
581,560,1353,1170,978,"peace"
585,567,1391,1145,1021,"peace"
618,581,1425,1185,1074,"peace"
663,603,1459,1191,1132,"peace"
659,640,1479,1076,1171,"peace"
662,624,1364,983,1171,"peace"
663,630,1377,974,1181,"peace"
671,634,1328,965,1187,"peace"
666,650,1314,941,1175,"peace"
663,641,1357,993,1177,"peace"
645,639,1438,1047,1152,"peace"
639,609,1375,1161,1093,"peace"
632,606,1332,1222,1086,"peace"
633,614,1310,1259,1065,"peace"
636,619,1283,1232,1070,"peace"
624,631,1275,1217,1058,"peace"
645,624,1282,1218,1071,"peace"
638,625,1293,1221,1072,"peace"
638,628,1298,1225,1059,"peace"
616,607,1287,1200,1035,"peace"
623,611,1296,1203,1051,"peace"
627,604,1299,1206,1053,"peace"
626,618,1302,1215,1060,"peace"
633,624,1311,1232,1066,"peace"
643,622,1309,1251,1074,"peace"
647,624,1336,1296,1095,"peace"
647,619,1361,1306,1104,"peace"
646,615,1347,1300,1110,"peace"
647,610,1392,1294,1127,"peace"
651,621,1420,1247,1137,"peace"
655,624,1488,1120,1158,"peace"
659,625,1457,1088,1165,"peace"
674,640,1397,1042,1165,"peace"
673,654,1294,973,1162,"peace"
679,654,1253,973,1156,"peace"
680,657,1264,961,1171,"peace"
686,677,1259,957,1180,"peace"
688,659,1259,954,1178,"peace"
702,671,1232,960,1187,"peace"
691,678,1241,964,1201,"peace"
671,656,1280,1011,1257,"peace"
626,635,1315,1050,1193,"peace"
623,644,1359,1077,1150,"peace"
612,637,1442,1091,1075,"peace"
619,619,1385,1136,1046,"peace"
602,605,1330,1183,1042,"peace"
598,605,1300,1215,1044,"peace"
597,601,1296,1232,1039,"peace"
594,601,1296,1232,1023,"peace"
590,606,1261,1240,1017,"peace"
590,608,1269,1242,1048,"peace"
592,607,1274,1251,1049,"peace"
596,605,1282,1226,1041,"peace"
598,608,1309,1254,1051,"peace"
603,612,1296,1259,1046,"peace"
605,633,1310,1255,1051,"peace"
608,619,1318,1264,1056,"peace"
614,615,1346,1275,1073,"peace"
624,611,1468,1226,1116,"peace"
656,624,1346,1119,1190,"peace"
679,657,1216,1040,1218,"peace"
722,714,1199,1018,1239,"peace"
720,706,1207,1035,1243,"peace"
727,720,1210,1069,1232,"peace"
729,721,1222,1051,1248,"peace"
720,741,1287,1058,1242,"peace"
725,702,1422,1049,1168,"peace"
704,689,1472,1107,1140,"peace"
688,687,1408,1175,1136,"peace"
684,672,1387,1239,1111,"peace"
685,695,1367,1302,1109,"peace"
679,682,1328,1345,1073,"peace"
674,677,1303,1386,1053,"peace"
655,640,1297,1351,1039,"peace"
640,655,1293,1308,1008,"peace"
638,640,1279,1301,994,"peace"
647,643,1286,1289,1015,"peace"
615,626,1290,1289,1020,"peace"
646,656,1317,1309,1014,"peace"
649,661,1325,1319,1040,"peace"
663,672,1356,1357,1070,"peace"
659,638,1374,1399,1082,"peace"
676,668,1392,1413,1083,"peace"
675,654,1454,1360,1104,"peace"
656,655,1510,1269,1149,"peace"
663,674,1491,1247,1168,"peace"
673,678,1459,1216,1187,"peace"
684,686,1405,1166,1187,"peace"
679,691,1403,1125,1194,"peace"
688,688,1393,1105,1197,"peace"
690,688,1347,1103,1184,"peace"
698,688,1357,1102,1183,"peace"
707,711,1370,1088,1171,"peace"
688,675,1449,1134,1104,"peace"
651,645,1422,1202,1072,"peace"
658,646,1398,1261,1072,"peace"
647,641,1373,1295,1070,"peace"
650,647,1351,1345,1044,"peace"
625,626,1342,1365,1037,"peace"
609,627,1331,1328,1018,"peace"
613,615,1317,1274,1030,"peace"
592,597,1286,1214,1008,"peace"
593,624,1273,1154,950,"peace"
603,626,1275,1162,955,"peace"
612,624,1284,1188,975,"peace"
623,640,1299,1188,979,"peace"
644,638,1311,1200,987,"peace"
588,653,1327,1232,1008,"peace"
667,665,1427,1331,1066,"peace"
682,656,1407,1131,1104,"peace"
669,630,1230,1043,1110,"peace"
675,661,1255,1049,1102,"peace"
694,666,1200,993,1110,"peace"
717,694,1223,1008,1098,"peace"
743,674,1409,1098,1107,"peace"
720,677,1457,1082,1107,"peace"
718,675,1374,1045,1104,"peace"
721,688,1378,1053,1108,"peace"
727,685,1392,1065,1109,"peace"
719,680,1425,1097,1108,"peace"
720,663,1457,1137,1095,"peace"
685,642,1419,1169,1050,"peace"
646,622,1392,1200,1009,"peace"
625,603,1359,1231,976,"peace"
607,575,1329,1286,942,"peace"
571,576,1317,1290,902,"peace"
576,567,1326,1264,901,"peace"
599,560,1330,1252,911,"peace"
593,592,1346,1253,914,"peace"
591,578,1367,1261,927,"peace"
596,587,1385,1248,931,"peace"
603,587,1393,1237,934,"peace"
624,608,1472,1215,990,"peace"
657,634,1488,1232,1062,"peace"
693,663,1513,1203,1146,"peace"
720,683,1491,1202,1193,"peace"
721,700,1493,1185,1205,"peace"
747,701,1483,1171,1200,"peace"
750,709,1479,1173,1205,"peace"
745,721,1477,1185,1201,"peace"
739,705,1447,1188,1189,"peace"
630,645,1161,1112,1208,"peace"
576,603,1143,998,1325,"peace"
592,609,1328,1055,1168,"peace"
608,576,1363,1095,1156,"peace"
601,576,1351,1137,1134,"peace"
612,571,1328,1168,1111,"peace"
591,565,1309,1196,1107,"peace"
592,564,1318,1211,1122,"peace"
581,578,1321,1221,1099,"peace"
601,606,1334,1213,1098,"peace"
593,575,1359,1218,1104,"peace"
604,566,1355,1214,1103,"peace"
603,564,1373,1217,1097,"peace"
602,560,1375,1200,1098,"peace"
602,568,1375,1229,1103,"peace"
606,578,1424,1201,1123,"peace"
639,617,1422,1174,1125,"peace"
638,619,1365,1171,1174,"peace"
640,634,1307,1129,1211,"peace"
656,647,1252,1107,1227,"peace"
667,656,1235,1094,1232,"peace"
665,659,1201,1079,1232,"peace"
674,655,1193,1065,1226,"peace"
671,645,1219,1070,1213,"peace"
638,624,1231,1035,1189,"peace"
641,628,1259,1043,1107,"peace"
623,605,1296,1069,1088,"peace"
622,572,1301,1078,1079,"peace"
612,531,1319,1057,1085,"peace"
624,591,1328,1075,1104,"peace"
622,583,1331,1075,1111,"peace"
631,575,1328,1077,1123,"peace"
623,617,1328,1088,1119,"peace"
647,628,1284,1056,1135,"peace"
659,656,1266,1042,1180,"peace"
673,670,1270,1047,1195,"peace"
702,690,1269,1042,1205,"peace"
708,701,1291,1037,1248,"peace"
731,704,1255,1013,1279,"peace"
679,688,1247,1007,1239,"peace"
666,656,1264,1040,1088,"peace"
627,604,1392,1085,1010,"peace"
661,606,1408,1156,1013,"peace"
626,608,1379,1201,1013,"peace"
625,610,1377,1264,1015,"peace"
639,630,1346,1280,1017,"peace"
648,582,1367,1285,1022,"peace"
641,624,1383,1209,1035,"peace"
613,631,1394,1216,1022,"peace"
640,653,1392,1217,1030,"peace"
627,646,1391,1209,1034,"peace"
639,643,1367,1206,1051,"peace"
656,646,1370,1244,1059,"peace"
658,647,1370,1247,1062,"peace"
656,647,1385,1260,1067,"peace"
667,649,1366,1266,1071,"peace"
670,653,1374,1269,1068,"peace"
678,656,1385,1268,1058,"peace"
688,663,1488,1279,1117,"peace"
702,660,1313,1136,1136,"peace"
689,654,1234,1073,1131,"peace"
705,674,1202,1036,1138,"peace"
711,668,1221,1051,1137,"peace"
713,671,1216,1051,1136,"peace"
720,695,1223,1055,1145,"peace"
714,680,1232,1044,1152,"peace"
710,703,1232,1058,1155,"peace"
714,667,1322,1079,1153,"peace"
704,683,1462,1125,1133,"peace"
706,658,1443,1148,1156,"peace"
704,667,1465,1174,1170,"peace"
698,669,1426,1232,1161,"peace"
701,652,1409,1264,1182,"peace"
682,658,1431,1299,1191,"peace"
656,654,1419,1311,1221,"peace"
656,669,1446,1325,1244,"peace"
615,631,1429,1327,1237,"peace"
594,620,1387,1316,1200,"peace"
592,658,1357,1308,1191,"peace"
600,651,1329,1315,1200,"peace"
608,635,1331,1347,1232,"peace"
616,631,1365,1354,1221,"peace"
618,621,1357,1350,1221,"peace"
597,656,1360,1354,1215,"peace"
623,642,1380,1354,1227,"peace"
624,635,1399,1365,1227,"peace"
655,641,1420,1378,1243,"peace"
633,653,1428,1383,1254,"peace"
646,645,1425,1351,1261,"peace"
635,653,1415,1390,1254,"peace"
679,688,1426,1387,1254,"peace"
640,647,1424,1382,1291,"peace"
590,688,601,1108,1037,"point"
637,672,593,1091,1114,"point"
653,682,614,1047,1216,"point"
686,718,630,1050,1247,"point"
691,735,652,1058,1264,"point"
667,720,640,1069,1246,"point"
629,683,624,1088,1135,"point"
592,656,603,1128,1061,"point"
583,633,592,1145,1035,"point"
576,627,593,1155,1040,"point"
544,621,595,1161,1022,"point"
576,637,601,1138,1053,"point"
600,656,587,1115,1119,"point"
625,674,596,1146,1217,"point"
656,720,624,1185,1294,"point"
704,749,645,1199,1317,"point"
719,753,656,1199,1316,"point"
688,743,650,1195,1286,"point"
612,694,629,1197,1202,"point"
599,661,607,1218,1133,"point"
582,663,603,1263,1104,"point"
577,634,592,1264,1085,"point"
575,643,587,1248,1086,"point"
580,637,594,1264,1078,"point"
624,634,604,1264,1099,"point"
568,661,605,1255,1147,"point"
632,690,599,1258,1221,"point"
667,719,641,1238,1260,"point"
670,723,649,1232,1267,"point"
675,723,650,1227,1267,"point"
656,715,643,1233,1232,"point"
646,706,623,1200,1170,"point"
656,699,624,1196,1136,"point"
579,681,611,1250,1111,"point"
577,670,612,1269,1113,"point"
592,665,607,1280,1112,"point"
630,658,613,1274,1114,"point"
609,671,618,1280,1115,"point"
624,684,607,1296,1207,"point"
678,748,656,1357,1307,"point"
718,788,702,1373,1330,"point"
746,802,727,1392,1331,"point"
704,782,700,1344,1333,"point"
666,757,683,1317,1328,"point"
625,706,634,1292,1325,"point"
610,686,605,1291,1227,"point"
602,667,584,1306,1211,"point"
597,656,576,1307,1213,"point"
605,646,568,1315,1207,"point"
593,634,575,1323,1201,"point"
599,630,582,1317,1216,"point"
617,643,586,1318,1200,"point"
631,674,593,1307,1263,"point"
683,735,637,1298,1303,"point"
720,770,672,1280,1308,"point"
720,778,682,1247,1309,"point"
714,765,680,1218,1302,"point"
711,763,698,1182,1306,"point"
711,768,688,1129,1309,"point"
689,743,659,1142,1314,"point"
617,698,627,1216,1167,"point"
563,643,587,1249,1072,"point"
561,638,578,1241,1044,"point"
569,639,582,1245,1040,"point"
580,643,590,1254,1072,"point"
578,655,587,1255,1105,"point"
613,670,593,1261,1165,"point"
649,706,627,1280,1264,"point"
690,761,674,1264,1328,"point"
721,763,699,1264,1369,"point"
623,683,626,1169,1423,"point"
591,654,625,1103,1392,"point"
558,645,595,1125,1211,"point"
574,634,593,1151,1184,"point"
571,630,603,1165,1231,"point"
589,634,609,1167,1232,"point"
592,631,614,1167,1228,"point"
592,677,615,1137,1231,"point"
601,644,621,1139,1251,"point"
617,666,615,1161,1293,"point"
629,659,615,1171,1306,"point"
627,689,624,1168,1295,"point"
641,690,635,1185,1265,"point"
634,688,624,1203,1230,"point"
624,676,610,1209,1166,"point"
624,667,603,1203,1122,"point"
630,685,593,1195,1130,"point"
634,687,591,1198,1135,"point"
638,695,587,1219,1137,"point"
640,691,595,1202,1119,"point"
640,690,603,1200,1132,"point"
650,666,608,1200,1168,"point"
677,713,627,1182,1241,"point"
702,742,658,1180,1268,"point"
710,743,656,1177,1286,"point"
715,751,671,1159,1280,"point"
698,737,644,1187,1254,"point"
643,701,653,1184,1158,"point"
624,671,603,1254,1077,"point"
592,652,598,1278,1060,"point"
596,650,594,1280,1054,"point"
599,642,624,1273,1068,"point"
607,644,614,1280,1076,"point"
611,657,606,1250,1109,"point"
651,688,613,1193,1189,"point"
685,724,653,1168,1237,"point"
688,759,657,1179,1249,"point"
691,741,659,1206,1254,"point"
678,723,643,1191,1245,"point"
630,705,647,1200,1214,"point"
608,674,632,1208,1147,"point"
617,676,626,1189,1133,"point"
627,680,647,1187,1129,"point"
622,671,639,1239,1072,"point"
606,666,646,1246,1001,"point"
591,669,661,1268,979,"point"
586,665,672,1283,975,"point"
594,638,665,1281,985,"point"
594,665,624,1254,1031,"point"
622,671,619,1255,1128,"point"
698,763,698,1324,1243,"point"
763,825,798,1345,1365,"point"
754,821,759,1291,1353,"point"
705,802,699,1248,1335,"point"
659,706,677,1232,1296,"point"
640,699,657,1232,1281,"point"
594,688,631,1184,1235,"point"
580,625,610,1168,1152,"point"
561,629,592,1198,1106,"point"
560,639,624,1232,1061,"point"
563,644,635,1242,1042,"point"
584,663,642,1238,1072,"point"
574,645,627,1233,1113,"point"
611,663,608,1269,1209,"point"
646,697,640,1347,1275,"point"
688,706,643,1378,1271,"point"
656,716,640,1370,1232,"point"
654,713,657,1386,1208,"point"
650,716,640,1393,1190,"point"
669,706,624,1394,1088,"point"
603,674,589,1364,1046,"point"
577,653,597,1333,1007,"point"
576,674,612,1341,996,"point"
562,666,608,1329,1009,"point"
599,678,611,1352,1030,"point"
614,670,613,1360,1050,"point"
656,687,608,1303,1092,"point"
638,712,624,1200,1232,"point"
659,720,640,1193,1254,"point"
665,720,629,1171,1249,"point"
688,720,638,1153,1231,"point"
646,704,624,1179,1132,"point"
593,656,605,1250,986,"point"
592,664,618,1275,957,"point"
592,673,638,1283,947,"point"
592,683,650,1278,960,"point"
611,668,635,1264,996,"point"
642,694,619,1280,1089,"point"
646,704,635,1286,1205,"point"
656,715,642,1254,1247,"point"
688,723,643,1240,1253,"point"
675,721,646,1235,1264,"point"
669,721,645,1232,1255,"point"
645,717,633,1242,1129,"point"
618,695,624,1278,1061,"point"
603,670,640,1296,999,"point"
606,672,639,1289,987,"point"
609,687,668,1292,995,"point"
630,675,654,1285,1031,"point"
635,679,607,1289,1104,"point"
647,705,610,1298,1231,"point"
655,735,643,1274,1288,"point"
694,746,667,1250,1301,"point"
698,752,656,1232,1340,"point"
690,761,669,1221,1296,"point"
656,731,642,1226,1268,"point"
653,702,631,1193,1211,"point"
628,674,619,1168,1098,"point"
617,673,636,1167,1062,"point"
624,658,641,1168,1055,"point"
622,678,647,1183,1071,"point"
625,666,623,1151,1100,"point"
629,653,613,1121,1162,"point"
653,691,630,1109,1334,"point"
711,746,687,1073,1344,"point"
735,764,688,1041,1389,"point"
661,700,646,1019,1376,"point"
616,673,626,1036,1273,"point"
605,656,593,1007,1153,"point"
601,648,602,998,1081,"point"
632,654,609,1009,1061,"point"
602,658,618,1013,1067,"point"
601,659,627,1002,1073,"point"
617,630,610,990,1103,"point"
629,656,597,1086,1154,"point"
643,689,619,1127,1276,"point"
657,703,604,1136,1293,"point"
647,727,629,1139,1297,"point"
670,720,637,1140,1300,"point"
669,738,627,1123,1301,"point"
675,729,646,1116,1303,"point"
687,704,639,1107,1193,"point"
635,673,608,1099,1090,"point"
604,658,624,1094,1052,"point"
609,656,621,1092,1062,"point"
613,659,614,1088,1074,"point"
607,650,585,1058,1091,"point"
614,651,592,1039,1111,"point"
624,665,594,994,1093,"point"
654,681,613,944,1160,"point"
670,709,640,992,1283,"point"
679,724,656,1008,1334,"point"
674,720,657,1019,1344,"point"
686,720,642,1031,1261,"point"
694,726,656,1017,1284,"point"
674,721,658,1017,1255,"point"
628,683,609,1104,1150,"point"
626,645,588,1237,1099,"point"
614,643,586,1268,1102,"point"
637,658,597,1270,1090,"point"
622,653,596,1263,1083,"point"
629,659,623,1271,1092,"point"
643,684,623,1264,1171,"point"
669,733,666,1270,1282,"point"
708,747,689,1232,1289,"point"
704,751,704,1198,1284,"point"
704,759,688,1184,1278,"point"
636,719,656,1145,1264,"point"
624,677,623,1136,1203,"point"
599,654,618,1137,1136,"point"
592,645,615,1169,1111,"point"
598,655,625,1180,1125,"point"
613,658,624,1175,1123,"point"
610,662,623,1152,1145,"point"
601,663,624,1152,1183,"point"
641,675,650,1122,1198,"point"
640,687,635,1124,1230,"point"
640,711,636,1108,1232,"point"
679,719,652,1086,1215,"point"
683,719,670,1043,1237,"point"
672,710,664,1011,1238,"point"
687,660,642,997,1159,"point"
622,658,603,998,989,"point"
615,659,609,1019,1009,"point"
618,667,619,1031,1019,"point"
624,670,625,1001,1038,"point"
625,667,618,977,1041,"point"
626,669,629,941,1077,"point"
652,682,624,926,1163,"point"
645,688,633,960,1232,"point"
674,696,655,925,1275,"point"
682,701,654,914,1287,"point"
663,707,653,906,1275,"point"
683,695,651,929,1227,"point"
651,682,621,1023,1110,"point"
642,675,617,1104,1039,"point"
645,688,619,1125,1005,"point"
650,690,624,1143,1001,"point"
653,697,621,1145,994,"point"
637,688,627,1157,1004,"point"
644,704,632,1178,1009,"point"
682,704,624,1145,1093,"point"
683,714,637,1072,1252,"point"
688,745,645,1041,1309,"point"
699,737,656,1061,1310,"point"
691,727,639,1072,1296,"point"
677,731,645,1065,1264,"point"
656,706,645,1093,1190,"point"
643,694,640,1143,1098,"point"
638,701,707,1175,1058,"point"
628,695,670,1175,1070,"point"
643,708,669,1198,1062,"point"
658,695,656,1161,1119,"point"
656,685,630,1145,1154,"point"
686,703,637,1138,1239,"point"
703,731,656,1148,1291,"point"
716,757,670,1140,1293,"point"
720,765,679,1135,1280,"point"
721,741,668,1119,1285,"point"
663,709,655,1136,1197,"point"
641,695,635,1152,1074,"point"
624,690,665,1184,1021,"point"
640,699,675,1204,1032,"point"
627,703,675,1206,1062,"point"
641,691,659,1201,1091,"point"
631,705,637,1178,1173,"point"
675,715,645,1174,1255,"point"
699,734,672,1163,1284,"point"
705,749,663,1167,1292,"point"
689,741,662,1157,1269,"point"
659,713,639,1174,1271,"point"
624,671,625,1185,1131,"point"
593,688,631,1232,1088,"point"
612,670,654,1251,1083,"point"
621,678,631,1280,1100,"point"
624,689,640,1291,1104,"point"
630,687,638,1289,1100,"point"
663,687,651,1261,1115,"point"
653,681,634,1128,1146,"point"
693,722,660,1125,1197,"point"
1335,665,656,1328,1483,"rock"
1427,657,660,1338,1470,"rock"
1424,659,656,1335,1472,"rock"
1424,673,656,1333,1456,"rock"
1403,678,653,1329,1456,"rock"
1392,656,656,1303,1431,"rock"
1417,667,663,1315,1453,"rock"
1424,688,659,1341,1455,"rock"
1472,703,661,1313,1456,"rock"
1424,673,663,1346,1456,"rock"
1356,676,688,1296,1447,"rock"
1351,656,666,1285,1451,"rock"
1357,668,670,1293,1456,"rock"
1358,675,673,1326,1451,"rock"
1279,678,688,1302,1466,"rock"
1271,675,656,1300,1469,"rock"
1266,681,654,1296,1469,"rock"
1273,680,661,1305,1470,"rock"
1285,677,656,1305,1475,"rock"
1299,683,656,1313,1473,"rock"
1306,678,646,1317,1492,"rock"
1243,663,607,1340,1499,"rock"
1171,644,594,1329,1506,"rock"
1146,643,584,1309,1497,"rock"
1143,649,581,1296,1504,"rock"
1154,653,555,1277,1506,"rock"
1209,636,558,1264,1495,"rock"
1222,646,565,1282,1488,"rock"
1264,656,574,1274,1503,"rock"
1296,662,576,1275,1505,"rock"
1392,688,592,1279,1509,"rock"
1387,717,597,1292,1511,"rock"
1392,730,601,1319,1523,"rock"
1399,742,608,1369,1523,"rock"
1414,742,597,1395,1498,"rock"
1415,731,589,1405,1483,"rock"
1413,722,592,1409,1507,"rock"
1419,720,592,1419,1505,"rock"
1392,717,587,1408,1523,"rock"
1389,691,582,1424,1511,"rock"
1190,577,571,1326,1471,"rock"
1132,576,573,1218,1456,"rock"
1099,592,592,1187,1439,"rock"
1067,607,624,1182,1449,"rock"
1166,618,607,1188,1446,"rock"
1101,623,605,1196,1439,"rock"
1157,626,608,1200,1470,"rock"
1168,630,607,1195,1454,"rock"
1175,628,607,1106,1451,"rock"
1168,633,608,1104,1457,"rock"
1156,637,605,1102,1455,"rock"
1128,631,609,1123,1458,"rock"
1142,643,609,1167,1434,"rock"
1138,640,610,1195,1393,"rock"
1137,635,613,1238,1360,"rock"
1133,637,602,1303,1311,"rock"
1190,631,601,1355,1328,"rock"
1199,638,601,1375,1339,"rock"
1203,637,608,1377,1347,"rock"
1173,638,605,1374,1347,"rock"
1200,639,599,1398,1319,"rock"
1187,640,603,1367,1232,"rock"
1191,639,592,1378,1239,"rock"
1169,673,608,1383,1271,"rock"
1203,645,607,1379,1302,"rock"
1204,645,619,1375,1319,"rock"
1201,644,611,1375,1330,"rock"
1201,645,610,1380,1337,"rock"
1211,640,609,1387,1339,"rock"
1207,640,592,1378,1344,"rock"
1206,639,611,1381,1347,"rock"
1200,660,610,1375,1350,"rock"
1205,642,615,1361,1455,"rock"
1201,646,620,1361,1490,"rock"
1250,653,624,1436,1517,"rock"
1278,702,624,1453,1531,"rock"
1258,714,633,1453,1556,"rock"
1275,735,655,1458,1574,"rock"
1281,741,651,1459,1564,"rock"
1287,750,651,1479,1552,"rock"
1309,736,635,1456,1531,"rock"
1338,720,619,1456,1531,"rock"
1344,726,615,1458,1527,"rock"
1339,724,623,1456,1526,"rock"
1341,715,619,1456,1521,"rock"
1335,721,615,1472,1521,"rock"
1331,726,616,1456,1524,"rock"
1323,720,614,1463,1520,"rock"
1323,716,620,1472,1517,"rock"
1312,720,621,1446,1508,"rock"
1309,707,610,1455,1502,"rock"
1305,683,598,1466,1507,"rock"
1280,603,563,1433,1475,"rock"
1293,593,577,1345,1446,"rock"
1279,598,601,1298,1458,"rock"
1271,601,615,1298,1431,"rock"
1270,613,613,1310,1429,"rock"
1281,611,614,1311,1408,"rock"
1281,624,609,1315,1446,"rock"
1274,623,637,1319,1434,"rock"
1254,624,628,1325,1435,"rock"
1261,618,612,1315,1443,"rock"
1250,624,598,1321,1421,"rock"
1255,624,624,1328,1349,"rock"
1392,622,612,1344,1291,"rock"
1475,645,618,1372,1299,"rock"
1467,651,594,1362,1328,"rock"
1469,635,607,1392,1342,"rock"
1452,653,602,1386,1357,"rock"
1442,653,607,1401,1354,"rock"
1434,649,599,1407,1358,"rock"
1424,653,606,1407,1356,"rock"
1421,653,606,1403,1362,"rock"
1392,655,616,1403,1357,"rock"
1326,624,611,1403,1410,"rock"
1295,703,623,1423,1449,"rock"
1168,674,603,1394,1463,"rock"
1227,687,606,1406,1467,"rock"
1256,714,609,1399,1471,"rock"
1366,693,610,1395,1472,"rock"
1429,720,596,1399,1472,"rock"
1428,705,592,1405,1469,"rock"
1423,707,597,1408,1472,"rock"
1418,714,596,1409,1461,"rock"
1389,702,621,1407,1471,"rock"
1378,705,594,1409,1472,"rock"
1397,700,589,1398,1474,"rock"
1377,701,593,1434,1487,"rock"
1372,691,604,1409,1470,"rock"
1367,641,590,1429,1471,"rock"
1314,605,593,1277,1445,"rock"
1282,635,610,1259,1426,"rock"
1296,624,633,1261,1434,"rock"
1306,613,633,1264,1438,"rock"
1281,634,622,1280,1440,"rock"
1272,639,601,1289,1444,"rock"
1271,644,624,1289,1451,"rock"
1278,624,624,1293,1456,"rock"
1285,639,635,1293,1450,"rock"
1283,624,624,1291,1451,"rock"
1292,668,622,1291,1445,"rock"
1271,613,622,1306,1453,"rock"
1315,650,622,1311,1439,"rock"
1321,644,623,1316,1438,"rock"
1313,661,629,1322,1441,"rock"
1330,643,624,1337,1446,"rock"
1095,638,611,1344,1446,"rock"
1134,646,605,1362,1461,"rock"
1294,662,603,1363,1475,"rock"
1356,705,610,1354,1481,"rock"
1427,747,634,1390,1478,"rock"
1435,757,634,1391,1482,"rock"
1424,753,635,1397,1488,"rock"
1435,752,631,1395,1488,"rock"
1422,739,628,1415,1485,"rock"
1454,749,626,1443,1479,"rock"
1510,747,640,1457,1459,"rock"
1498,772,642,1473,1473,"rock"
1471,679,634,1472,1477,"rock"
1398,625,589,1469,1465,"rock"
1315,607,576,1441,1467,"rock"
1262,605,576,1379,1445,"rock"
1319,619,590,1377,1450,"rock"
1360,627,602,1407,1453,"rock"
1408,639,605,1369,1438,"rock"
1431,654,600,1346,1417,"rock"
1443,656,602,1345,1393,"rock"
1456,658,601,1378,1393,"rock"
1461,661,586,1395,1407,"rock"
1437,657,603,1408,1403,"rock"
1435,677,601,1412,1405,"rock"
1433,671,605,1418,1412,"rock"
1402,671,592,1419,1414,"rock"
1425,668,601,1435,1419,"rock"
1414,685,598,1420,1406,"rock"
1419,668,610,1426,1424,"rock"
1416,671,607,1424,1419,"rock"
1402,656,608,1424,1424,"rock"
1401,671,611,1459,1424,"rock"
1393,676,623,1413,1426,"rock"
1396,673,608,1417,1426,"rock"
1385,665,615,1402,1427,"rock"
1395,675,599,1416,1429,"rock"
1392,681,610,1417,1433,"rock"
1365,692,609,1412,1431,"rock"
1391,693,609,1409,1397,"rock"
1397,682,640,1422,1296,"rock"
1453,671,586,1437,1298,"rock"
1482,673,604,1450,1332,"rock"
1423,681,593,1439,1355,"rock"
1421,679,581,1446,1339,"rock"
1408,671,621,1445,1364,"rock"
1377,688,608,1443,1521,"rock"
1391,687,618,1446,1519,"rock"
1345,682,617,1435,1507,"rock"
1309,685,617,1421,1520,"rock"
1263,674,624,1377,1520,"rock"
1146,677,589,1332,1488,"rock"
1063,689,640,1328,1430,"rock"
1082,681,640,1337,1424,"rock"
1166,688,645,1348,1442,"rock"
1168,709,634,1343,1447,"rock"
1163,673,640,1336,1447,"rock"
1151,672,639,1335,1455,"rock"
1101,683,640,1360,1473,"rock"
1066,684,662,1355,1475,"rock"
1114,702,623,1367,1482,"rock"
1148,693,610,1375,1491,"rock"
1168,688,596,1371,1491,"rock"
1250,688,605,1369,1484,"rock"
1267,674,593,1375,1478,"rock"
1314,681,593,1366,1482,"rock"
1277,669,590,1370,1488,"rock"
1264,665,591,1382,1478,"rock"
1273,669,590,1370,1478,"rock"
1275,670,593,1386,1477,"rock"
1259,666,602,1383,1482,"rock"
1251,686,595,1390,1474,"rock"
1235,658,594,1374,1483,"rock"
1262,667,593,1389,1479,"rock"
1250,661,593,1386,1472,"rock"
1251,642,595,1387,1472,"rock"
1238,663,591,1392,1482,"rock"
1248,658,610,1392,1475,"rock"
1239,659,598,1387,1475,"rock"
1226,666,596,1389,1475,"rock"
1313,691,630,1382,1474,"rock"
1305,670,631,1296,1449,"rock"
1299,721,657,1270,1430,"rock"
1349,682,663,1285,1424,"rock"
1310,679,656,1296,1435,"rock"
1299,678,656,1297,1441,"rock"
1262,670,657,1292,1448,"rock"
1245,683,656,1306,1438,"rock"
1250,679,656,1296,1444,"rock"
1253,686,656,1300,1451,"rock"
1232,710,662,1306,1450,"rock"
1261,677,666,1297,1434,"rock"
1232,675,656,1305,1441,"rock"
1223,682,653,1306,1456,"rock"
1259,677,656,1296,1461,"rock"
1217,683,657,1324,1459,"rock"
1223,677,658,1309,1463,"rock"
1211,688,657,1311,1467,"rock"
1235,677,656,1313,1469,"rock"
1200,685,654,1312,1463,"rock"
1136,670,642,1309,1471,"rock"
1159,673,638,1322,1473,"rock"
1186,688,650,1336,1488,"rock"
1141,701,651,1328,1493,"rock"
1123,700,641,1325,1499,"rock"
1232,688,622,1334,1509,"rock"
1261,686,631,1325,1486,"rock"
1254,689,619,1325,1506,"rock"
1232,677,629,1325,1493,"rock"
1234,688,626,1322,1490,"rock"
1269,698,647,1339,1501,"rock"
1319,711,653,1348,1502,"rock"
1263,688,624,1295,1483,"rock"
1145,671,637,1250,1463,"rock"
1136,670,639,1239,1458,"rock"
1168,655,639,1250,1455,"rock"
1264,672,644,1257,1455,"rock"
1230,679,614,1261,1457,"rock"
1232,672,647,1260,1459,"rock"
1211,674,650,1259,1465,"rock"
1230,663,656,1261,1457,"rock"
1217,688,642,1227,1456,"rock"
1200,687,645,1263,1461,"rock"
1179,697,649,1261,1458,"rock"
1219,699,646,1266,1461,"rock"
1185,679,651,1264,1457,"rock"
1217,681,622,1274,1447,"rock"
1251,689,649,1296,1434,"rock"
1256,684,635,1327,1402,"rock"
1264,688,654,1350,1413,"rock"
1261,686,635,1367,1389,"rock"
1264,672,636,1360,1347,"rock"
1269,678,634,1371,1328,"rock"
1274,682,642,1364,1343,"rock"
1259,685,638,1361,1346,"rock"
1264,692,639,1390,1358,"rock"
1254,688,659,1365,1360,"rock"
1263,684,639,1366,1360,"rock"
1264,686,634,1371,1360,"rock"
1264,687,637,1361,1363,"rock"
1280,683,642,1370,1369,"rock"
1265,668,645,1381,1367,"rock"
1232,688,637,1354,1378,"rock"
1265,683,626,1370,1374,"rock"
1264,682,638,1371,1378,"rock"
1261,686,640,1375,1385,"rock"
1263,684,629,1366,1383,"rock"
1263,688,647,1370,1387,"rock"
1264,688,619,1373,1385,"rock"
1261,687,637,1386,1387,"rock"
1242,688,640,1373,1391,"rock"
1250,687,639,1375,1390,"rock"
1238,693,649,1375,1389,"rock"
1279,648,637,1361,1382,"rock"
